{
    "textures": {
        "particle": "blocks/stone",
        "0": "blocks/stone",
        "1": "flowoftime:colour/Red",
        "2": "flowoftime:colour/White",
        "3": "flowoftime:colour/Black"
    },
    "elements": [
        {
            "name": "Base 1",
            "from": [ 0.0, 0.0, 0.0 ], 
            "to": [ 16.0, 1.0, 16.0 ], 
            "faces": {
                "north": { "texture": "#0", "uv": [ 0.0, 0.0, 16.0, 1.0 ], "cullface": "north" },
                "east": { "texture": "#0", "uv": [ 0.0, 0.0, 16.0, 1.0 ], "cullface": "east" },
                "south": { "texture": "#0", "uv": [ 0.0, 0.0, 16.0, 1.0 ], "cullface": "south" },
                "west": { "texture": "#0", "uv": [ 0.0, 0.0, 16.0, 1.0 ], "cullface": "west" },
                "up": { "texture": "#0", "uv": [ 0.0, 0.0, 16.0, 16.0 ] },
                "down": { "texture": "#0", "uv": [ 0.0, 0.0, 16.0, 16.0 ], "cullface": "down" }
            }
        },
        {
            "name": "Base 2",
            "from": [ 2.0, 1.0, 2.0 ], 
            "to": [ 14.0, 2.0, 14.0 ], 
            "faces": {
                "north": { "texture": "#0", "uv": [ 0.0, 0.0, 12.0, 1.0 ] },
                "east": { "texture": "#0", "uv": [ 0.0, 0.0, 12.0, 1.0 ] },
                "south": { "texture": "#0", "uv": [ 0.0, 0.0, 12.0, 1.0 ] },
                "west": { "texture": "#0", "uv": [ 0.0, 0.0, 12.0, 1.0 ] },
                "up": { "texture": "#0", "uv": [ 0.0, 0.0, 12.0, 12.0 ] },
                "down": { "texture": "#0", "uv": [ 0.0, 0.0, 12.0, 12.0 ], "cullface": "down" }
            }
        },
        {
            "name": "Stalk",
            "from": [ 7.0, 2.0, 7.0 ], 
            "to": [ 9.0, 10.0, 9.0 ], 
            "faces": {
                "north": { "texture": "#1", "uv": [ 0.0, 0.0, 2.0, 8.0 ] },
                "east": { "texture": "#1", "uv": [ 0.0, 0.0, 2.0, 8.0 ] },
                "south": { "texture": "#1", "uv": [ 0.0, 0.0, 2.0, 8.0 ] },
                "west": { "texture": "#1", "uv": [ 0.0, 0.0, 2.0, 8.0 ] },
                "up": { "texture": "#1", "uv": [ 0.0, 0.0, 2.0, 2.0 ] },
                "down": { "texture": "#-1", "uv": [ 0.0, 0.0, 2.0, 2.0 ], "cullface": "down" }
            }
        },
        {
            "name": "Eye 1",
            "from": [ 6.0, 11.000000014901161, 7.0 ], 
            "to": [ 10.0, 14.000000014901161, 9.0 ], 
            "faces": {
                "north": { "texture": "#2", "uv": [ 0.0, 0.0, 4.0, 3.0 ] },
                "east": { "texture": "#2", "uv": [ 0.0, 0.0, 2.0, 3.0 ] },
                "south": { "texture": "#2", "uv": [ 0.0, 9.0, 4.0, 12.0 ] },
                "west": { "texture": "#2", "uv": [ 1.0, 0.0, -10.0, 14.0 ] },
                "up": { "texture": "#2", "uv": [ 1.0, 0.0, 5.0, 2.0 ] },
                "down": { "texture": "#2", "uv": [ 0.0, 2.0, 4.0, 4.0 ] }
            }
        },
        {
            "name": "Eye 2",
            "from": [ 7.0, 11.000000014901161, 6.0 ], 
            "to": [ 9.0, 14.000000014901161, 10.0 ], 
            "faces": {
                "north": { "texture": "#2", "uv": [ 0.0, 0.0, 2.0, 3.0 ] },
                "east": { "texture": "#2", "uv": [ 0.0, 0.0, 4.0, 3.0 ] },
                "south": { "texture": "#2", "uv": [ 0.0, 9.0, 2.0, 12.0 ] },
                "west": { "texture": "#2", "uv": [ 1.0, 0.0, -10.0, 14.0 ] },
                "up": { "texture": "#2", "uv": [ 1.0, 0.0, 3.0, 4.0 ] },
                "down": { "texture": "#2", "uv": [ 0.0, 2.0, 2.0, 6.0 ] }
            }
        },
        {
            "name": "Eye 3",
            "from": [ 7.0, 10.000000014901161, 7.0 ], 
            "to": [ 9.0, 15.000000014901161, 9.0 ], 
            "faces": {
                "north": { "texture": "#2", "uv": [ 0.0, 0.0, 2.0, 5.0 ] },
                "east": { "texture": "#2", "uv": [ 0.0, 0.0, 2.0, 5.0 ] },
                "south": { "texture": "#2", "uv": [ 0.0, 9.0, 2.0, 14.0 ] },
                "west": { "texture": "#2", "uv": [ 1.0, 0.0, -10.0, 14.0 ] },
                "up": { "texture": "#2", "uv": [ 1.0, 0.0, 3.0, 2.0 ] },
                "down": { "texture": "#2", "uv": [ 0.0, 2.0, 2.0, 4.0 ] }
            }
        },
        {
            "name": "Iris",
            "from": [ 7.100000001490116, 11.49999999254942, 5.899999998509884 ], 
            "to": [ 8.899999998509884, 13.49999999254942, 10.100000001490116 ], 
            "faces": {
                "north": { "texture": "#3", "uv": [ 0.0, 0.0, 1.7999999970197678, 2.0 ] },
                "east": { "texture": "#3", "uv": [ 0.0, 0.0, 4.200000002980232, 2.0 ] },
                "south": { "texture": "#3", "uv": [ 0.0, 0.0, 1.7999999970197678, 2.0 ] },
                "west": { "texture": "#3", "uv": [ 0.0, 0.0, 4.200000002980232, 2.0 ] },
                "up": { "texture": "#3", "uv": [ 0.0, 0.0, -7.200000002980232, 4.200000002980232 ] },
                "down": { "texture": "#3", "uv": [ 0.0, 0.0, 1.7999999970197678, 4.200000002980232 ] }
            }
        },
        {
            "name": "Iris 2",
            "from": [ 5.899999998509884, 11.49999999254942, 7.100000001490116 ], 
            "to": [ 10.100000001490116, 13.49999999254942, 8.899999998509884 ], 
            "faces": {
                "north": { "texture": "#3", "uv": [ 0.0, 0.0, 4.200000002980232, 2.0 ] },
                "east": { "texture": "#3", "uv": [ 0.0, 0.0, 1.7999999970197678, 2.0 ] },
                "south": { "texture": "#3", "uv": [ 0.0, 0.0, 4.200000002980232, 2.0 ] },
                "west": { "texture": "#3", "uv": [ 0.0, 0.0, 1.7999999970197678, 2.0 ] },
                "up": { "texture": "#3", "uv": [ 0.0, 0.0, -7.200000002980232, 4.200000002980232 ] },
                "down": { "texture": "#3", "uv": [ 0.0, 0.0, 4.200000002980232, 1.7999999970197678 ] }
            }
        }
    ]
}